id,jour,ordre conditions,ordre histoires,condition,histoire,PM oral,nbSyll,debit moyen,variance debit,identification,dénomination,nb0,nb1,freq moy pédalage/baseline,variance pédalage/baseline,freq moy pédalage,variance pédalage,nbSyllAudio,nbPauses,SpeechRate,ArticulationRate,SpeakingDuration,originalDuration
10,2,c 1230,s 1203,0,3,3.0,546,4.271468997749449,3.101544610575392,0,0.0,3,0,,,,,492,31,3.865979381443298,4.92157490396927,0.7855167211465928,99.968
10,1,c 1230,s 1203,3,0,2.0,446,3.955788653558537,2.4924079795364493,0,2.0,1,2,-54.06355990259861,25.211305716080258,0.5146689482655282,0.0524031785639271,409,33,3.63568482434931,4.627534395365675,0.7856634902574317,88.38400000000003
10,1,c 1230,s 1203,0,3,1.0,444,4.282996777030905,2.675215029246095,0,1.3857142857142857,1,0,,,,,403,33,3.9062500000000004,5.048606935257569,0.7737282878411909,79.82399999999997
10,1,c 1230,s 1203,2,2,2.0,373,3.8993954885083,2.7432582163546417,0,2.857142857142857,0,1,,,0.9887022214300066,0.04339024997557356,361,29,3.7818471337579624,4.924159755565253,0.7680187730472683,73.31200000000003
10,2,c 1230,s 1203,2,2,3.0,585,4.019494023023979,4.016917877135418,0,1.9285714285714286,1,1,,,0.9487524464504933,0.041069010847134345,555,42,3.801369863013698,5.1274944567627445,0.7413698630136992,108.24000000000011
10,2,c 1230,s 1203,3,0,1.9285714285714286,488,3.4644163202384823,3.4601163964089823,0,0.8857142857142858,2,0,-46.95182590242075,33.102742510219166,0.5984126619421873,0.0584578509781923,463,41,3.2924678575492092,4.635191414384111,0.7103197178291044,99.88799999999999
10,1,c 1230,s 1203,1,1,1.9,461,3.71112712782682,2.7493442275469877,0,1.9,1,1,,,,,426,35,3.4368142506776813,4.577101598762247,0.7508713050212988,93.07200000000003
10,2,c 1230,s 1203,1,1,3.0,400,4.138590138568906,2.951150788984522,0,1.0,2,1,,,,,388,25,4.026901361673862,5.08919202518363,0.7912653603454002,76.24000000000001
11,1,c 2301,s 3120,0,2,1.5714285714285714,437,2.7768882089968643,2.2529947109550887,0,1.9428571428571426,0,1,,,,,469,63,2.978609897368154,4.357440166493235,0.6835687430139217,107.63200000000003
11,2,c 2301,s 3120,2,3,3.0,516,2.8622386717412778,2.3729025823462413,0,0.0,3,0,-3.8034179716447625,-9.725182387625885,0.6964987382357737,0.03252736367599643,558,88,3.0934007450771683,4.6736799785580265,0.6618768848678376,119.39200000000001
11,2,c 2301,s 3120,1,0,3.0,479,3.192879884743582,1.8559343826410077,0,0.3428571428571428,2,0,,,,,484,62,3.218427492286413,4.516947887113636,0.7125226087881684,107.15199999999993
11,2,c 2301,s 3120,3,1,1.3285714285714285,475,2.992844522765192,2.006719520759634,0,0.4285714285714286,1,0,-22.353898017915164,19.512092224619494,0.5154872191964,0.03644502421926838,516,57,3.2526475037821485,4.408749145591256,0.7377710539586477,117.03999999999988
11,1,c 2301,s 3120,2,3,1.0,358,2.732379049526512,2.3458818658565437,0,1.2857142857142856,1,1,4.129151983886303,95.5076972842748,0.7522745412258891,0.07053328585512442,396,59,3.0135151588944353,4.430719656283563,0.6801412394983566,89.37600000000005
11,2,c 2301,s 3120,0,2,2.0,372,2.515977324230512,1.9762670231552661,0,0.257142857142857,2,0,,,,,410,57,2.756265461976981,4.216718775711702,0.6536517156071846,97.23199999999996
11,1,c 2301,s 3120,3,1,1.8857142857142857,447,3.010520863865539,2.493411347274463,0,1.9,0,0,-10.567301174511801,26.310953934853675,0.5933740055546765,0.03712401912705781,466,62,3.130037614185921,4.3554658292208766,0.7186458893068242,106.99199999999999
11,1,c 2301,s 3120,1,0,2.0,391,2.8433305784731915,2.1909907348433144,0,2.4714285714285715,0,1,,,,,427,57,3.091693697868396,4.398796769408276,0.7028498609823908,97.07199999999997
12,1,c 3012,s 2130,0,1,2.928571428571429,253,2.206183392132209,3.592102127693178,0,2.6428571428571432,0,0,,,,,212,43,1.8578238923163206,4.5959070412764484,0.40423443634324163,46.128
12,2,c 3012,s 2130,1,3,3.0,286,1.7214564309504423,3.110182833673016,0,0.9857142857142855,1,0,,,,,231,51,1.379598662207358,4.340799759470837,0.31782130912565687,53.21599999999999
12,1,c 3012,s 2130,2,0,3.0,186,2.0994791002327253,3.614911085159498,0,3.0,0,3,-8.749275943834311,135.19609343960462,0.9003506971557772,0.049337846523309734,155,33,1.7502258355916895,4.5847136772361585,0.38175248419150853,33.80799999999999
12,2,c 3012,s 2130,0,1,3.0,328,1.7806674890970227,3.152874269255131,0,0.8857142857142858,2,0,,,,,255,68,1.3882839721254354,4.512315968289919,0.3076655052264809,56.512000000000015
12,1,c 3012,s 2130,1,3,2.857142857142857,235,1.7794427287896324,3.181292677016241,0,1.5428571428571427,0,0,,,,,187,49,1.4233954451345756,4.6471172962226674,0.3062964316161245,40.23999999999997
12,2,c 3012,s 2130,2,0,2.928571428571429,293,1.874323275639818,3.8629616221971377,0,2.2714285714285714,0,2,-3.514266890753981,44.64659306135837,0.9493222369794753,0.02920101140639512,237,51,1.5179852428776388,4.465631594814593,0.33992621438819415,53.07199999999998
12,1,c 3012,s 2130,3,2,2.557142857142857,296,1.9731681726518329,3.427124473092705,0,1.2999999999999998,1,0,-29.290316341717716,-18.766232758594903,0.733103904482937,0.03529308712754659,246,54,1.6354643123072015,4.33831828442438,0.3769811722157217,56.703999999999986
12,2,c 3012,s 2130,3,2,2.8857142857142857,254,1.7821699152992816,3.049606614517377,0,1.8857142857142857,0,1,-11.774947432144845,-19.271046395973258,0.9121675611682264,0.04117332169904329,223,58,1.5672438996963902,4.613538563389606,0.3397053862588552,48.336
13,2,c 1320,s 1023,1,1,0,376,2.3667847577541683,3.0674066947860927,0,1.1285714285714286,1,0,,,,,354,65,2.2285455278001614,4.750912604681129,0.46907735697018504,74.51199999999994
13,2,c 1320,s 1023,2,2,0,396,2.4346072081582126,3.13097418903516,0,0.0,3,0,,,0.8550865857050067,0.03318583606867053,378,76,2.328503843879361,4.776587141124144,0.4874827518233783,79.13599999999995
13,1,c 1320,s 1023,3,0,0.8285714285714285,301,2.7657669061054744,3.4399109688865415,0,0.8285714285714285,2,0,-23.595555907437525,-44.92396994019907,0.9081788142678551,0.03206261698998014,285,39,2.6221846017959662,4.574345146379046,0.5732371558957748,62.30399999999998
13,1,c 1320,s 1023,2,2,0,301,2.716406807116935,3.265349756462673,0,0.2857142857142857,2,0,,,1.0418482895503713,0.05130160338283168,274,42,2.4829636073655212,4.357506361323154,0.5698129621574599,62.88000000000001
13,2,c 1320,s 1023,3,0,0.7571428571428571,333,2.5501833729924996,3.010231799232865,0,0.32857142857142857,2,0,-36.909687772705226,-36.83779517433543,0.7499499056214313,0.04025735072454693,298,53,2.2878024812676574,4.507502420135528,0.5075543545019039,66.112
13,1,c 1320,s 1023,1,1,2.657142857142857,316,2.6524642950854553,2.2294035001820056,0,0.1428571428571427,2,0,,,,,288,50,2.4275118004045857,4.238285848834472,0.5727579231287929,67.95199999999998
13,1,c 1320,s 1023,0,3,1.0,282,2.4805068161234094,3.3796885994726544,0,0.5,2,0,,,,,256,51,2.266931141966563,4.542873367404881,0.49900821762539,56.35200000000003
13,2,c 1320,s 1023,0,3,1.0,423,2.443936892211185,3.206685725118987,0,0.7857142857142857,2,0,,,,,382,64,2.207173892946288,4.556297709923661,0.4844226680225574,83.84000000000006
14,2,c 2310,s 3102,2,3,2.6714285714285713,354,2.6459792613999737,2.5516116037147434,0,0.7428571428571427,1,0,9.84194836376946,74.97024077253005,0.830065112044244,0.05721070140125625,310,69,2.3360260429225943,4.298868426891497,0.5434048709910785,72.11200000000008
14,1,c 2310,s 3102,0,2,2.7,274,2.5239178047841966,1.7595972382534546,0,2.557142857142857,0,1,,,,,260,55,2.3974623782826794,4.233976029181863,0.5662437297137802,61.40800000000003
14,2,c 2310,s 3102,0,2,2.8285714285714283,403,3.0058131687561565,2.56579323032526,0,0.8142857142857143,1,0,,,,,378,68,2.8232552581261947,4.781420765027324,0.5904636711281068,79.05599999999997
14,2,c 2310,s 3102,3,1,2.4571428571428573,334,2.3924753398550993,2.2174475963359135,0,0.7428571428571427,1,0,-18.2658412092811,36.580769082732715,0.6044086087252175,0.054440819876580886,333,59,2.4049572452045296,4.237935247403788,0.5674832447423155,78.57599999999998
14,1,c 2310,s 3102,1,0,2.5857142857142854,231,2.117435673273818,2.42308403517046,0,1.3,0,1,,,,,227,48,2.2254901960784315,4.313621161447246,0.5159215686274513,52.624000000000024
14,1,c 2310,s 3102,2,3,2.3857142857142857,224,2.0789118331845113,1.7348156311357907,0,1.7571428571428571,0,0,-9.77062520393529,126.44201772084634,0.6840095210473232,0.07285464848017316,239,49,2.2235040190532898,4.160863509749301,0.5343852337005064,57.440000000000026
14,1,c 2310,s 3102,3,1,2.0,256,2.3603496507391015,2.1075205195634634,0,2.428571428571429,0,1,-34.10716391532419,68.13631634876513,0.48472939856659203,0.06375382866402252,265,51,2.4238987267671592,4.378139043087496,0.5536367627689156,60.528000000000006
14,2,c 2310,s 3102,1,0,2.928571428571429,299,2.464696223807669,1.8775264237791711,0,0.7571428571428569,1,0,,,,,309,55,2.4826455842653297,4.4704861111111125,0.5553413035094483,69.11999999999998
15,1,c 3201,s 2031,1,1,0.6714285714285715,316,3.262067836812435,3.1800242964726815,0,0.8142857142857143,2,0,,,,,291,44,3.041896638233818,4.868174518201287,0.6248536544572668,59.77599999999997
15,1,c 3201,s 2031,0,3,1.0,374,3.068123533230898,2.53812314897912,0,1.4714285714285713,1,0,,,,,348,61,2.8895974491829413,4.688510454839405,0.6163146007705592,74.224
15,2,c 3201,s 2031,0,3,2.857142857142857,515,3.0614069519259255,2.698231426673037,0,0.0,3,0,,,,,497,92,2.965676914263892,4.9188440221694405,0.602921519954172,101.03999999999995
15,2,c 3201,s 2031,3,2,2.8857142857142857,413,2.856735504480361,3.05788070620873,0,1.5142857142857142,1,1,-25.251046654439037,15.187209442378968,0.8622087346787337,0.06799020504473179,439,67,3.0642729506365862,5.263284097448682,0.5821979003797189,83.40800000000007
15,2,c 3201,s 2031,2,0,2.757142857142857,525,3.2178176364520836,3.1185739874371508,0,0.8285714285714285,2,0,,,1.2095193730724407,0.06275915331504305,508,82,3.108478558840806,5.03408910734105,0.6174858037987075,100.912
15,2,c 3201,s 2031,1,1,1.0,417,3.148937685127786,3.290740197158091,0,0.8142857142857143,2,0,,,,,392,64,2.9603673272112125,4.857256145915939,0.6094731754470758,80.70400000000001
15,1,c 3201,s 2031,2,0,2.757142857142857,458,3.3502690550850573,3.5254246243346876,0,2.4571428571428573,0,1,,,1.3181561345234103,0.07364694400085715,443,77,3.237546772684752,5.561972679791083,0.5820860617399437,79.64799999999997
15,1,c 3201,s 2031,3,2,1.7142857142857144,333,3.054920439562484,3.2118530730355452,0,1.7,1,1,-24.27786525085426,-8.212865353146848,0.8745481828585429,0.04932688643558394,328,65,2.9913906318400696,5.367897355328621,0.5572741864876695,61.10399999999999
1,1,c 3012,s 1302,3,1,,803,3.028391928516026,2.900516876362242,0,3.0,0,3,-29.389083470662612,-38.579301030432426,0.5230251335333626,0.02872155008331098,827,104,3.1135172579965062,4.4949560831376685,0.6926691163182934,183.98399999999984
1,2,c 3012,s 1302,3,1,,607,3.3175052325267407,2.8162800180045804,0,0.9285714285714286,2,0,-20.228664513049864,-21.367153316695408,0.5907987259794506,0.03834549159688138,600,61,3.277112645285327,4.444707834538342,0.7373066503539284,134.99200000000005
1,2,c 3012,s 1302,2,2,,573,3.278390843394058,2.7536086704600584,0,0.0,3,0,,,,,561,69,3.204395905684519,4.718409366168749,0.6791263023213313,118.8960000000001
1,1,c 3012,s 1302,2,2,,550,3.301735398137784,2.6309126355142975,0,0.6857142857142857,2,0,-14.102184019357278,48.128400048967656,0.9189826469846244,0.06901761935197005,587,57,3.517497603068073,4.625252143217348,0.7604985618408436,126.91199999999998
1,1,c 3012,s 1302,1,0,,719,3.148962614475677,2.822057431459898,0,1.9285714285714286,1,1,,,,,752,88,3.28647149677057,4.595768702140191,0.7151081156978379,162.97600000000006
1,1,c 3012,s 1302,0,3,,799,2.834738442698745,2.475808894674683,0,2.0,0,1,,,,,838,103,2.9685994445389103,4.408670033670034,0.6733548716204726,190.08
1,2,c 3012,s 1302,0,3,,457,2.9267414471873567,2.411553100414489,0,1.0,2,1,,,,,454,61,2.9042988741044016,4.256037198140096,0.682395087001023,106.67199999999991
1,2,c 3012,s 1302,1,0,,444,3.09505663736607,2.1284685057680246,0,0.0,3,0,,,,,465,62,3.2446689739868257,4.598496835443037,0.7055933906441889,101.12000000000002
2,2,c 2130,s 3012,2,3,,148,2.661589406703525,2.7232484110554642,0,0.0,3,0,-28.80372162438054,5.271006251400334,0.7130884679698847,0.03671692202633281,138,23,2.4863072931680597,4.2093704245973615,0.5906601326030559,32.78400000000002
2,1,c 2130,s 3012,1,0,,141,2.811000010631394,2.7398700151868924,0,2.742857142857143,0,1,,,,,137,19,2.7251750477402923,4.342038539553749,0.6276257161043926,31.552000000000024
2,2,c 2130,s 3012,0,2,,156,2.819171611334716,2.5150971777362017,0,1.542857142857143,1,0,,,,,159,26,2.864658402997982,4.4304502897904605,0.646584029979821,35.88799999999999
2,1,c 2130,s 3012,2,3,,120,2.4949808434600906,3.5087126651559855,0,1.0,1,0,-33.41588377508439,65.35191215865932,0.6687348321048476,0.0587415931480349,118,19,2.459973315543696,4.379453681710211,0.5617078052034694,26.944000000000017
2,2,c 2130,s 3012,1,0,,136,2.74491238616642,2.5683737780339104,0,1.5,1,0,,,,,136,20,2.7278562259306804,4.2563845768652975,0.6408857509627729,31.952
2,1,c 2130,s 3012,3,1,,142,2.502830352746649,3.574269070362795,0,1.0714285714285714,1,0,-44.2622073126161,-5.487550314277123,0.4934187937247361,0.03161737645919206,125,25,2.19760900140647,4.045831175556707,0.5431786216596344,30.896
2,1,c 2130,s 3012,0,2,,147,2.8888748526684296,3.537474533678439,0,2.657142857142857,0,1,,,,,133,20,2.6156387665198237,4.131461232604373,0.6331025802391442,32.19200000000001
2,2,c 2130,s 3012,3,1,,162,2.721551786854884,2.9957752654381427,0,1.1857142857142855,1,0,-31.51676697706536,-5.687382280118037,0.6088513393085452,0.027147372807745748,159,21,2.6814624932541826,4.217954159592528,0.635725849973017,37.69600000000001
3,2,c 0312,s 0321,0,0,,300,2.6920060084104134,2.5084220169134546,0,0.0,3,0,,,,,327,48,2.931368330464716,4.127953948697233,0.7101262191623636,79.216
3,2,c 0312,s 0321,2,1,,231,2.354664269027184,2.209987245577901,0,0.0,3,0,-10.619709295600988,-26.45491717772529,0.8804215607867198,0.046387035835233285,332,39,3.3833360508723294,4.577542466357818,0.7391162563182784,72.52800000000003
3,2,c 0312,s 0321,3,3,,247,2.4653655682521936,2.087134251617133,0,0.0,3,0,,,,,274,48,2.7356230031948883,4.133478155925659,0.6618210862619807,66.28799999999998
3,1,c 0312,s 0321,1,2,,234,2.2946208247718567,2.5479833831999907,0,1.7142857142857142,1,1,,,,,289,49,2.75974025974026,4.453279092702171,0.6197097020626431,64.89599999999999
3,1,c 0312,s 0321,2,1,,201,2.4043548629912683,2.8712441387085788,0,0.0,3,0,-22.32362640834755,-47.47431644438363,0.7611299351131903,0.03976108108751519,235,38,2.8115428790199086,4.208452722063036,0.6680704441041351,55.84000000000001
3,2,c 0312,s 0321,1,2,,271,2.8377436451161504,2.415080535547973,0,0.0,3,0,,,,,296,38,3.0941629034955684,4.358068315665487,0.709984947315605,67.92000000000003
3,1,c 0312,s 0321,3,3,,259,2.5603396521820616,2.886843736042693,0,0.0,3,0,-10.032114971433082,-27.37692227315296,0.6408154428680849,0.046197892774303924,315,47,2.8864716364716365,4.3165667332889175,0.6686961686961689,72.04800000000002
3,1,c 0312,s 0321,0,0,,353,2.5714780831913546,2.79363720528798,0,0.9285714285714286,2,0,,,,,440,74,2.659060143105782,4.46718648473034,0.595242699671244,98.4960000000001
4,2,c 0132,s 0231,3,3,,497,2.670517081206029,2.59506946623863,0,0.1,2,0,-13.957847230788234,112.55203839581011,0.8106844760126025,0.0640358589385815,508,83,2.7164613278576315,3.9841887313339193,0.681810403832991,127.50399999999999
4,2,c 0132,s 0231,1,2,,506,2.8785670103854124,3.027695314615571,0,2.3,0,1,,,,,541,71,3.071071752951862,4.287118042348172,0.7163487738419613,126.19199999999988
4,1,c 0132,s 0231,1,2,,322,2.9042656741332795,3.089949065359266,0,2.642857142857143,0,1,,,,,368,44,3.3174671859224003,4.578936890304599,0.7245059858647052,80.36800000000001
4,1,c 0132,s 0231,0,0,,388,3.0722019634647713,3.0539124008010083,0,2.7,0,2,,,,,428,53,3.387791286727456,4.62962962962963,0.7317629179331305,92.448
4,1,c 0132,s 0231,3,3,,362,2.6575413008407147,2.8233991380596284,0,0.8428571428571427,1,0,-33.63303167711089,-9.109517029380843,0.6245280094481556,0.028000373154809893,388,51,2.8412419449326305,4.207147814018042,0.675336848271822,92.22400000000002
4,1,c 0132,s 0231,2,1,,435,2.8970640205975915,2.6394061182868023,0,2.8285714285714283,0,2,0.7086786762884101,43.97362494334052,0.9075221976887579,0.037300298711638626,458,56,3.046184952644461,4.153366221706322,0.7334255613493675,110.27200000000012
4,2,c 0132,s 0231,0,0,,357,2.67061678034231,2.512281010465141,0,0.17142857142857135,2,0,,,,,393,48,3.0288763339610796,4.115489593995222,0.7359698681732583,93.79200000000003
4,2,c 0132,s 0231,2,1,,442,2.981966502299613,3.0771295357569666,0,0.0,3,0,13.49548444586446,81.73916517630255,1.0230868139751745,0.0476821887890769,462,59,3.1132075471698113,4.3019964243146624,0.7236657681940697,107.39199999999994
5,2,c 3102,s 2310,1,3,,431,3.728293097946022,4.4966743827924365,0,0.0,3,0,,,,,344,52,2.9790771788831925,4.612744046341987,0.6458362200360259,74.576
5,1,c 3102,s 2310,1,3,,621,3.4054499787715153,4.497503803766985,0,0.8999999999999999,1,0,,,,,516,93,2.8267157507231135,4.7149122807017525,0.5995266894556932,109.44000000000004
5,2,c 3102,s 2310,2,0,,354,3.4573790603186434,5.120723333099476,0,0.0,3,0,,,1.0103980686213054,0.048655961050520856,294,36,2.871542428504454,4.475158304919629,0.6416627598062199,65.69600000000001
5,1,c 3102,s 2310,0,1,,446,3.6657417751514205,4.530830857331908,0,2.6857142857142855,0,1,,,,,359,54,2.9353087388801673,4.445710322964136,0.6602564102564104,80.75200000000001
5,1,c 3102,s 2310,3,2,,561,3.171230062995752,5.2146456957088265,0,3.0,0,3,-27.77144179362757,77.60798070174224,0.7642255456612759,0.07375526184188867,480,76,2.7716186252771617,4.729623206684538,0.5860125646711007,101.48799999999991
5,2,c 3102,s 2310,3,2,,391,3.427452224926017,3.9620099975771064,0,0.3857142857142857,2,0,-29.91433351277192,30.233297313074114,0.7455708272627564,0.04462456451989017,333,44,2.920642716811675,4.388970898355121,0.6654504630928996,75.87200000000006
5,2,c 3102,s 2310,0,1,,431,3.75182895688014,4.627395483981963,0,0.8285714285714285,2,0,,,,,358,44,3.1189015890716476,4.652734456227906,0.6703373292444941,76.944
5,1,c 3102,s 2310,2,0,,329,2.7871521533961947,4.516864700704011,0,1.9285714285714286,1,1,,,1.0450332836398493,0.06204444997732485,295,55,2.4959388114254772,4.5502221125370195,0.5485312034655475,64.832
6,1,c 2103,s 3021,0,2,,482,4.594677730043597,2.07158819694709,0,2.7857142857142856,0,1,,,,,437,28,4.163490853658537,4.988584474885844,0.8346036585365856,87.60000000000001
6,2,c 2103,s 3021,2,3,,342,4.1080755300044824,1.8904599973149203,0,0.0,3,0,-23.04789199582705,-34.58504786504215,0.6282241586963674,0.03929399578912571,313,25,3.7685417068002307,4.612709266682385,0.8169909458678483,67.85600000000001
6,2,c 2103,s 3021,0,2,,340,4.019346892546116,1.4877664360494394,0,0.6428571428571429,2,0,,,,,316,24,3.751899696048632,4.5318953648462585,0.8278875379939211,69.72800000000002
6,2,c 2103,s 3021,3,1,,339,4.2329049085838655,1.8354988617744208,0,0.0,3,0,-43.80572609242988,-34.96797256932741,0.49321778292691676,0.04290873766152963,323,15,4.0399239543726235,4.5995670995671,0.8783269961977186,70.22399999999999
6,1,c 2103,s 3021,2,3,,316,3.3738279785114997,2.847874291594913,0,2.1,0,1,-18.54549723416613,-18.25879238251169,0.6677168441318508,0.04728773686429892,319,23,3.737814023247094,4.714471506266259,0.7928383952005996,67.66399999999997
7,1,c 1023,s 1320,2,2,,634,4.359111307592722,1.2107110959016083,0,2.0857142857142854,0,1,,,0.5775454018167938,0.04713676125635316,576,46,3.9695666556400915,4.6189376443418,0.85941118094608,124.70400000000004
6,2,c 2103,s 3021,1,0,,326,4.2168907303313965,1.2826660319723353,0,0.0,3,0,,,,,317,20,4.117310889443059,4.86793611793612,0.8458021612635075,65.11999999999998
6,1,c 2103,s 3021,3,1,,383,4.057272674266521,2.43150444832412,0,1.8285714285714285,1,1,-42.867941976370496,-22.546191839590612,0.5013623185730609,0.05146443487802388,359,26,3.7881985480330913,4.634889485643462,0.8173223028870505,77.456
6,1,c 2103,s 3021,1,0,,342,4.1571192933079555,1.9939281733944665,0,2.928571428571429,0,2,,,,,341,20,4.151246591351772,4.9714252390949385,0.8350214257888585,68.592
7,1,c 1023,s 1320,0,3,,535,4.00968877835054,1.7674351117213567,0,1.2285714285714284,0,0,,,,,508,35,3.9786967418546357,4.5324768022840844,0.8778195488721799,112.07999999999996
7,2,c 1023,s 1320,1,1,,540,4.251316017579469,2.0571703833975197,0,0.0,3,0,,,,,496,40,3.9057578430137325,4.7891240537617765,0.8155474360589647,103.56800000000007
7,2,c 1023,s 1320,3,0,,657,3.624362182197272,2.2086171459494883,0,0.0,3,0,-21.604592458851148,-52.93955282122672,0.4822781189077642,0.021309419010636484,654,49,3.8304751194827102,4.589602515158322,0.8345984443819694,142.49599999999992
7,1,c 1023,s 1320,3,0,,772,4.3060078554540535,0.985646856091536,0,1.9,0,1,-7.4630432517760354,-3.7826672422525243,0.5698204016082647,0.04554479369445395,735,48,4.104861049057278,4.743649318463444,0.8653382182110626,154.94400000000005
7,2,c 1023,s 1320,2,2,,629,4.144945039329035,1.9957594816054376,0,0.0,3,0,,,0.579293084226076,0.03116278383090654,574,45,3.813244047619047,4.587009333844776,0.8313137755102041,125.13600000000002
7,1,c 1023,s 1320,1,1,,628,3.8299689260192493,2.734183814307648,0,1.9285714285714286,0,0,,,,,584,51,3.92557539255754,4.770618219840545,0.8228651322865133,122.41599999999998
7,2,c 1023,s 1320,0,3,,455,4.058771086358934,2.3397698887518974,0,0.41428571428571426,2,0,,,,,431,35,3.846565757532486,4.622876265659861,0.8320719691560756,93.23199999999996
8,2,c 0231,s 0132,0,0,,438,2.874112724510034,2.274987289673743,0,0.22857142857142856,2,0,,,,,468,62,3.0679672750157336,4.513192408578922,0.679777637927418,103.69600000000003
8,2,c 0231,s 0132,2,1,,508,2.7855773497107563,2.5525099369711373,0,0.0,3,0,-30.092120964176306,-7.776046725809982,0.7097001497317509,0.0572849523015518,524,79,2.8675247351370285,4.3383229566830055,0.6609753961999824,120.78399999999998
8,1,c 0231,s 0132,0,0,,315,2.4836933395075693,2.230086658170619,0,2.0,1,2,,,,,342,50,2.704326923076923,4.019368183527642,0.6728238866396761,85.08800000000001
8,1,c 0231,s 0132,1,2,,510,2.8265956264320673,1.9080730163114539,0,1.8285714285714287,1,0,,,,,538,74,2.976980965028774,4.24076176062555,0.7019920318725102,126.86400000000005
8,1,c 0231,s 0132,2,1,,374,2.6061556763958853,2.6266025192733347,0,1.0,2,1,-37.86079079805601,-7.952405039263688,0.6330435891762337,0.0548100963558499,379,60,2.6369253033507736,4.100311580405051,0.6431036402092848,92.43200000000009
8,2,c 0231,s 0132,1,2,,415,2.5818376370666734,2.41250474065378,0,1.8285714285714285,1,1,,,,,419,69,2.61169841428144,4.084139114160949,0.6394734217612446,102.59199999999998
8,1,c 0231,s 0132,3,3,,433,2.7247927121606836,2.4595430272165935,0,0.41428571428571426,2,0,-12.208073594886438,-15.897923118830093,0.8004432659303037,0.05474962173379483,462,63,2.9207970867893995,4.327787769784174,0.674893789196844,106.75199999999997
8,2,c 0231,s 0132,3,3,,495,2.495672384017282,2.4847829234822365,0,0.0,3,0,-5.3009475099368375,32.40712013558586,0.8636546652083162,0.08559905505500491,510,91,2.570564516129032,4.167211400183029,0.6168548387096776,122.38400000000004
9,1,c 2031,s 3210,2,3,,225,2.6654069080798672,1.7825042772613344,0,0.857142857142857,1,0,-13.12763802113568,-25.404664157022903,0.8419846096250563,0.036433969453897354,224,38,2.655035084392187,4.278728606356968,0.6205196282950882,52.352000000000004
9,1,c 2031,s 3210,0,2,,239,3.519638934367613,1.8643905541251224,0,1.9285714285714286,1,1,,,,,227,25,3.363560929350403,4.70876203119814,0.7143195827406356,48.20800000000001
9,2,c 2031,s 3210,3,1,,335,3.6931944203417557,2.613683686327688,0,0.8,2,0,-3.3080694872712257,23.677541142616555,0.8762315540259584,0.0418338981033257,292,33,3.236389430750133,4.704820830110852,0.6878879233906723,62.06400000000002
9,2,c 2031,s 3210,1,0,,352,3.877089200856736,2.260788657422445,0,1.3571428571428572,0,0,,,,,309,28,3.423595107250487,4.698905109489051,0.7285942208828221,65.76
9,2,c 2031,s 3210,0,2,,345,3.755371869518492,2.144427229157755,0,0.0,3,0,,,,,294,38,3.2118510749868907,4.597197898423813,0.698654081454292,63.95200000000006
9,1,c 2031,s 3210,1,0,,287,3.824206681338913,1.8530015466149088,0,2.0,1,2,,,,,251,31,3.38311408238085,4.698262952979934,0.7200776364028468,53.424
9,2,c 2031,s 3210,2,3,,398,3.191022950059524,3.2391399027547916,0,1.0,2,1,4.866270818442109,-10.901773594366793,1.0178785571250553,0.03344241546572011,339,43,2.869379739978332,4.587031825070364,0.6255417118093172,73.90399999999997
9,1,c 2031,s 3210,3,1,,253,3.2687928012026086,2.111721857650113,0,2.7285714285714286,0,0,-3.4023149819097376,-4.817426031689386,0.8721389572026874,0.04411029743564407,240,32,3.119151590767311,4.626773596545342,0.6741526304845082,51.87200000000001
16,1,c 0123,s 0312,3,2,,430,2.781300559693188,2.5358504149453225,0,0.5714285714285714,2,0,,,0.926190012447971,0.04737946737779356,462,53,2.990678404971517,4.264510412051396,0.7012946659761781,108.336
16,2,c 0123,s 0312,0,0,,578,2.999177243083914,1.4464346121779152,0,1.0,2,1,,,,,620,74,3.2369893910283185,4.172499192419512,0.7757914961156127,148.59199999999998
16,1,c 0123,s 0312,1,3,,673,3.219006172074106,1.7644614196210855,0,0.3857142857142857,2,0,,,,,679,81,3.2483110701673574,4.269246291998787,0.7608628896054049,158.57600000000008
16,1,c 0123,s 0312,2,1,,544,2.795256393659166,2.1183381381369553,0,1.057142857142857,1,0,44.875854761273935,94.35420654000018,1.1981292778713293,0.10609291372363332,602,76,3.1694886698677442,4.450555949846226,0.7121556734900176,135.264
16,2,c 0123,s 0312,2,1,,619,2.9699308489880796,2.033517124390102,0,1.0714285714285712,1,0,44.80275096678565,76.16692399424126,1.2001601797612091,0.09043154804096944,653,78,3.1293129888053977,4.2811811601804255,0.7309461738997086,152.52800000000002
16,1,c 0123,s 0312,0,0,,560,3.327776099426528,1.733072144417268,0,2.1285714285714286,0,1,,,,,566,65,3.364881575192619,4.427963449743395,0.7599162941120522,127.82400000000007
16,2,c 0123,s 0312,1,3,,804,3.242374088272398,1.8146899362685884,0,0.45714285714285713,2,0,,,,,830,91,3.3433230213972673,4.313211939802111,0.7751353441608664,192.43200000000007
16,2,c 0123,s 0312,3,2,,593,2.9473478025382627,1.6632770266380128,0,0.8857142857142858,2,0,,,0.7773775630937031,0.09480186751191297,650,74,3.2701440875794896,4.3795817162570065,0.7466795460033809,148.41600000000003
18,1,c 0321,s 1203,1,3,,668,4.762677653543046,2.4442789601550925,0,1.4285714285714286,1,1,,,,,573,37,4.194483485593816,5.069002123142249,0.827477160927618,113.04000000000003
18,2,c 0321,s 1203,3,2,,665,5.043570915892957,2.359392379538804,0,2.3,0,1,-28.041349541427497,-58.570974685551455,0.7838749937749979,0.029226048935432108,610,34,4.620652042176706,5.418561682774304,0.8527451218034178,112.57599999999998
18,1,c 0321,s 1203,0,1,,500,4.444404487218438,2.269136645288355,0,2.2142857142857144,0,1,,,,,454,39,3.9475514746800218,5.086948727142349,0.7760155815247628,89.24799999999993
18,1,c 0321,s 1203,3,2,,596,4.5949537345143145,2.8475100623271836,0,3.0,0,3,-35.13464275412166,-37.52839065726177,0.7051798982548646,0.04302245924638065,539,40,4.155359565807326,5.318519103252287,0.7813001110151723,101.34400000000004
18,1,c 0321,s 1203,2,0,,667,4.2663037949479525,2.72436766062975,0,2.6285714285714286,0,2,,,1.1001030860562926,0.03947190585411897,617,50,3.940578377273656,5.008116883116884,0.786838340486409,123.19999999999997
18,2,c 0321,s 1203,2,0,,671,4.8473026637883745,1.7763475692362545,0,2.5,0,2,,,1.111399108368192,0.02912346555306773,595,40,4.311094365870623,5.166365657126977,0.8344539763505685,115.16800000000006
18,2,c 0321,s 1203,0,1,,624,4.972351995429788,1.822258049431585,0,0.5428571428571428,2,0,,,,,549,29,4.38722669735328,5.0863474651645415,0.86254954609385,107.936
18,2,c 0321,s 1203,1,3,,711,4.889460070233238,2.24097718181992,0,0.6857142857142857,2,0,,,,,619,41,4.2579242791107195,5.190166353635632,0.8203830068236847,119.264
19,1,c 3210,s 0231,3,0,,302,3.849372506022019,3.4626960689542,0,0.6285714285714286,2,0,-26.572671426476326,126.07138591550178,0.5438751118382796,0.057582036656122514,251,38,3.1891644643220167,5.124959163672003,0.6222809514128887,48.976
19,2,c 3210,s 0231,2,2,,355,4.22435809949732,2.68337316284909,0,1.0,2,1,-48.20563848911097,-35.33406489494393,0.5663973055922542,0.024634005458020837,332,22,4.126068800954465,5.243871619914077,0.7868363491747863,63.31199999999999
19,1,c 3210,s 0231,2,2,,313,3.8914660361180653,2.28536204008194,0,1.7,1,1,-34.71590420175586,0.18774671661978548,0.7164215227023014,0.04531451265653579,288,31,3.56718192627824,4.924760601915183,0.7243361078081652,58.480000000000025
19,2,c 3210,s 0231,0,1,,341,3.903569916223459,2.2575666258354135,0,0.0,3,0,,,,,321,28,3.666392543859649,4.702883263009844,0.7796052631578949,68.25600000000001
19,1,c 3210,s 0231,1,3,,258,3.527331028629066,2.4380136212659784,0,1.0,2,1,,,,,249,23,3.5701995870612526,4.890791954745442,0.7299839412709339,50.91200000000001
19,2,c 3210,s 0231,1,3,,443,4.4092774507819135,2.030158722939301,0,0.4,2,0,,,,,397,30,3.9384920634920637,4.893984220907299,0.8047619047619046,81.11999999999998
19,2,c 3210,s 0231,3,0,,371,4.149019803777249,3.03782895286247,0,0.0,3,0,-44.65013270644527,14.472978161926143,0.40386307866240634,0.028365825117405045,328,22,3.8274831964152347,4.86935866983373,0.7860343539955188,67.35999999999999
19,1,c 3210,s 0231,0,1,,275,3.774749248816121,2.4699674983288795,0,0.2428571428571428,2,0,,,,,256,27,3.5219018269865727,4.869141813755323,0.7233105877173678,52.57600000000003
20,1,c 1023,s 2103,0,1,,525,3.6071307372705967,2.8527106893968894,0,1.8285714285714285,1,1,,,,,485,61,3.3288491104766083,4.5692643955381405,0.7285306391390285,106.14399999999992
20,1,c 1023,s 2103,1,2,,362,3.040636753718151,2.926554351093941,0,2.0,1,2,,,,,374,49,3.1325381935138035,4.554754481683552,0.6877512731171272,82.11200000000004
20,2,c 1023,s 2103,1,2,,403,3.7347763284867006,3.073815992341294,0,0.0,3,0,,,,,372,38,3.4475088967971526,4.725609756097558,0.729537366548043,78.72000000000004
20,1,c 1023,s 2103,3,3,,543,3.389044099698454,2.5549836822271272,0,1.7714285714285714,0,1,-21.549841744183418,-19.254937594577783,0.539451166455049,0.02396638174100063,534,60,3.32984136486082,4.59267923489748,0.7250324254215308,116.27200000000005
20,1,c 1023,s 2103,2,0,,436,3.4332526234876113,2.3415977828338286,0,2.342857142857143,0,1,-38.574262901745804,-13.449264344625556,0.5397425948650003,0.030480518351040067,418,53,3.2894736842105257,4.571303587051618,0.7195920423067237,91.44
20,2,c 1023,s 2103,3,3,,537,3.776618552198131,3.009857549804002,0,1.0,2,1,-9.687832824064923,47.83161281461088,0.6212551589878339,0.04530834854829817,465,61,3.2694903813702325,4.7855260991272806,0.6832039599505011,97.16800000000009
20,2,c 1023,s 2103,2,0,,386,3.6872718613233664,3.2314777515723443,0,0.0,3,0,-24.772414003850752,-4.599108955630737,0.6619902593118929,0.03381789064504692,342,48,3.2554066402680473,4.613641269156054,0.7056046299116662,74.128
20,2,c 1023,s 2103,0,1,,436,3.700308360018654,3.365315089422404,0,0.0,3,0,,,,,375,44,3.3075783234546994,4.66325109430959,0.7092859158904883,80.416
1,3,c 3012,s 1302,1,0,,,,,0,0.21428571428571425,2,0,,,,,,,,,,
1,3,c 3012,s 1302,3,1,,,,,0,0.0,3,0,,,,,,,,,,
1,3,c 3012,s 1302,0,3,,,,,0,1.0,2,1,,,,,,,,,,
1,3,c 3012,s 1302,2,2,,,,,0,1.0,2,1,,,,,,,,,,
3,3,c 0312,s 0321,0,0,,,,,0,0.0,3,0,,,,,,,,,,
3,3,c 0312,s 0321,2,1,,,,,0,0.0,3,0,,,,,,,,,,
3,3,c 0312,s 0321,3,3,,,,,0,0.0,3,0,,,,,,,,,,
3,3,c 0312,s 0321,1,2,,,,,0,0.0,3,0,,,,,,,,,,
5,3,c 3102,s 2310,2,0,,,,,0,1.0,2,1,,,,,,,,,,
5,3,c 3102,s 2310,0,1,,,,,0,1.8857142857142857,1,1,,,,,,,,,,
5,3,c 3102,s 2310,1,3,,,,,0,1.0,2,1,,,,,,,,,,
5,3,c 3102,s 2310,3,2,,,,,0,3.0,0,3,,,,,,,,,,
2,3,c 2130,s 3012,1,0,,,,,0,1.9285714285714286,1,1,,,,,,,,,,
2,3,c 2130,s 3012,3,1,,,,,0,0.6,2,0,,,,,,,,,,
2,3,c 2130,s 3012,2,3,,,,,0,1.0,2,1,,,,,,,,,,
2,3,c 2130,s 3012,0,2,,,,,0,2.0,1,2,,,,,,,,,,
4,3,c 0132,s 0231,0,0,,,,,0,0.17142857142857135,2,0,,,,,,,,,,
4,3,c 0132,s 0231,2,1,,,,,0,0.3,2,0,,,,,,,,,,
4,3,c 0132,s 0231,3,3,,,,,0,0.22857142857142848,2,0,,,,,,,,,,
4,3,c 0132,s 0231,1,2,,,,,0,0.0,3,0,,,,,,,,,,
6,3,c 2103,s 3021,1,0,,,,,0,0.0,3,0,,,,,,,,,,
6,3,c 2103,s 3021,3,1,,,,,0,0.0,3,0,,,,,,,,,,
6,3,c 2103,s 3021,2,3,,,,,0,0.7,2,0,,,,,,,,,,
6,3,c 2103,s 3021,0,2,,,,,0,1.0,2,1,,,,,,,,,,
9,3,c 2031,s 3210,1,0,,,,,0,1.0,2,1,,,,,,,,,,
9,3,c 2031,s 3210,3,1,,,,,0,1.0,2,1,,,,,,,,,,
9,3,c 2031,s 3210,2,3,,,,,0,1.0,2,1,,,,,,,,,,
9,3,c 2031,s 3210,0,2,,,,,0,1.0,2,1,,,,,,,,,,
7,3,c 1023,s 1320,3,0,,,,,0,0.5,2,0,,,,,,,,,,
7,3,c 1023,s 1320,1,1,,,,,0,1.0,2,1,,,,,,,,,,
7,3,c 1023,s 1320,0,3,,,,,0,0.41428571428571426,2,0,,,,,,,,,,
7,3,c 1023,s 1320,2,2,,,,,0,0.0,3,0,,,,,,,,,,
8,3,c 0231,s 0132,0,0,,,,,0,2.0,1,2,,,,,,,,,,
8,3,c 0231,s 0132,2,1,,,,,0,0.0,3,0,,,,,,,,,,
8,3,c 0231,s 0132,3,3,,,,,0,1.0,2,1,,,,,,,,,,
8,3,c 0231,s 0132,1,2,,,,,0,1.8285714285714285,1,1,,,,,,,,,,
11,3,c 2301,s 3120,1,0,,,,,0,0.4428571428571426,1,0,,,,,,,,,,
11,3,c 2301,s 3120,3,1,,,,,0,0.0,3,0,,,,,,,,,,
11,3,c 2301,s 3120,2,3,,,,,0,0.0,3,0,,,,,,,,,,
11,3,c 2301,s 3120,0,2,,,,,0,0.4,2,0,,,,,,,,,,
10,3,c 1230,s 1203,3,0,,,,,0,1.0,2,1,,,,,,,,,,
10,3,c 1230,s 1203,1,1,,,,,0,2.0,1,2,,,,,,,,,,
10,3,c 1230,s 1203,0,3,,,,,0,0.0,3,0,,,,,,,,,,
10,3,c 1230,s 1203,2,2,,,,,0,1.9285714285714286,1,1,,,,,,,,,,
12,3,c 3012,s 2130,2,0,,,,,0,2.3285714285714283,0,2,,,,,,,,,,
12,3,c 3012,s 2130,0,1,,,,,0,1.0,2,1,,,,,,,,,,
12,3,c 3012,s 2130,1,3,,,,,0,2.7714285714285714,0,2,,,,,,,,,,
12,3,c 3012,s 2130,3,2,,,,,0,2.8142857142857145,0,1,,,,,,,,,,
13,3,c 1320,s 1023,3,0,,,,,0,0.0,3,0,,,,,,,,,,
13,3,c 1320,s 1023,1,1,,,,,0,0.7857142857142857,2,0,,,,,,,,,,
13,3,c 1320,s 1023,0,3,,,,,0,0.6857142857142856,1,0,,,,,,,,,,
13,3,c 1320,s 1023,2,2,,,,,0,0.0,3,0,,,,,,,,,,
16,3,c 0123,s 0312,0,0,,,,,0,2.0,1,2,,,,,,,,,,
16,3,c 0123,s 0312,2,1,,,,,0,0.5714285714285714,2,0,,,,,,,,,,
16,3,c 0123,s 0312,1,3,,,,,0,0.7428571428571429,1,0,,,,,,,,,,
16,3,c 0123,s 0312,3,2,,,,,0,0.6857142857142857,2,0,,,,,,,,,,
15,3,c 3201,s 2031,2,0,,,,,0,1.8285714285714285,1,1,,,,,,,,,,
15,3,c 3201,s 2031,1,1,,,,,0,0.7285714285714285,2,0,,,,,,,,,,
15,3,c 3201,s 2031,0,3,,,,,0,0.0,3,0,,,,,,,,,,
15,3,c 3201,s 2031,3,2,,,,,0,2.928571428571429,0,2,,,,,,,,,,
14,3,c 2310,s 3102,1,0,,,,,0,0.6142857142857141,0,0,,,,,,,,,,
14,3,c 2310,s 3102,3,1,,,,,0,1.4714285714285715,0,0,,,,,,,,,,
14,3,c 2310,s 3102,2,3,,,,,0,0.7571428571428571,1,0,,,,,,,,,,
14,3,c 2310,s 3102,0,2,,,,,0,0.8428571428571427,1,0,,,,,,,,,,
21,2,c 1023,s 2013,0,0,,,,,0,0.7857142857142857,2,0,,,,,378,42,3.3102143757881466,4.8194614443084465,0.6868432114333753,78.43199999999999
21,2,c 1023,s 2013,2,1,,,,,0,0.6285714285714286,2,0,-11.095646340091958,-20.63902573868599,0.7137581849936503,0.049541708130674135,439,38,3.7797906047664966,5.070689336536686,0.7454194792671164,86.57599999999996
21,2,c 1023,s 2013,3,3,,,,,0,0.0,3,0,-48.3803226510879,-31.370272968338952,0.43945741267469834,0.04051863970628336,355,42,3.6001135810481912,4.821273359408952,0.7467142625344801,73.632
21,2,c 1023,s 2013,1,2,,,,,0,0.0,3,0,,,,,375,36,3.6354118194509075,4.731980617807389,0.7682643089809215,79.248
18,3,c 0321,s 1203,2,0,,,,,0,3.0,0,3,,,,,,,,,,
18,3,c 0321,s 1203,0,1,,,,,0,1.3857142857142857,1,1,,,,,,,,,,
18,3,c 0321,s 1203,1,3,,,,,0,1.0,2,1,,,,,,,,,,
18,3,c 0321,s 1203,3,2,,,,,0,1.8857142857142857,1,1,,,,,,,,,,
19,3,c 3210,s 0231,3,0,,,,,0,0.0,3,0,,,,,,,,,,
19,3,c 3210,s 0231,0,1,,,,,0,0.0,3,0,,,,,,,,,,
19,3,c 3210,s 0231,1,3,,,,,0,1.0,2,1,,,,,,,,,,
19,3,c 3210,s 0231,2,2,,,,,0,1.457142857142857,1,1,,,,,,,,,,
20,3,c 1023,s 2103,2,0,,,,,0,0.0,3,0,,,,,,,,,,
20,3,c 1023,s 2103,0,1,,,,,0,0.0,3,0,,,,,,,,,,
20,3,c 1023,s 2103,3,3,,,,,0,2.0,1,2,,,,,,,,,,
20,3,c 1023,s 2103,1,2,,,,,0,0.0,3,0,,,,,,,,,,
21,3,c 1023,s 2013,0,0,,,,,0,1.0,2,1,,,,,,,,,,
21,3,c 1023,s 2013,2,1,,,,,0,0.9285714285714286,2,0,,,,,,,,,,
21,3,c 1023,s 2013,3,3,,,,,0,0.0,3,0,,,,,,,,,,
21,3,c 1023,s 2013,1,2,,,,,0,0.0,3,0,,,,,,,,,,
21,1,c 1023,s 2013,0,0,,,,,0,1.9285714285714286,1,1,,,,,368,42,3.3798677443056575,4.859497147686457,0.6955180014695077,75.728
21,1,c 1023,s 2013,2,1,,,,,0,2.0,1,2,-3.3214219828139546,-27.32763393052465,0.7777292575058624,0.04461163655837113,412,48,3.357673751466945,5.064909520062945,0.6629286738818617,81.34399999999997
21,1,c 1023,s 2013,1,2,,,,,0,2.757142857142857,0,2,,,,,268,27,3.1741519802918323,4.647613762486126,0.6829638051923442,57.66400000000001
21,1,c 1023,s 2013,3,3,,,,,0,2.5,0,2,-45.35061866102408,-40.721251586856575,0.46596180600030784,0.03434190694931162,468,42,3.7888601036269427,4.873375541486168,0.7774611398963734,96.03200000000005
